Index,Image,Question Type,Prompt,Question Description,Model Name,Color,Chart Title,Image Path,Ground Truth,Prediction,Answer Time
line_data.csv_line_Monthly_Oil_Price_History_in_2015_black.png_run1,line_data.csv_line_Monthly_Oil_Price_History_in_2015_black.png,Find Correlations/Trends,"Over the course of the second half of 2015, the price of a barrel of oil was __. Options: rising, falling, staying, Omit. Choose only one option as the answer without explanation.","Over the course of the second half of 2015, the price of a barrel of oil was __.",gpt-4o,black,Monthly Oil Price History in 2015,C:\Users\kanam\OneDrive\Desktop\Visualization_Literacy\Visualization_Literacy\Avanith\Test\line_data.csv_line_Monthly_Oil_Price_History_in_2015_black.png,falling,Falling,2.68
line_data.csv_line_Monthly_Oil_Price_History_in_2015_black.png_run2,line_data.csv_line_Monthly_Oil_Price_History_in_2015_black.png,Find Correlations/Trends,"Over the course of the second half of 2015, the price of a barrel of oil was __. Options: rising, falling, staying, Omit. Choose only one option as the answer without explanation.","Over the course of the second half of 2015, the price of a barrel of oil was __.",gpt-4o,black,Monthly Oil Price History in 2015,C:\Users\kanam\OneDrive\Desktop\Visualization_Literacy\Visualization_Literacy\Avanith\Test\line_data.csv_line_Monthly_Oil_Price_History_in_2015_black.png,falling,Falling,1.43
line_data.csv_line_Monthly_Oil_Price_History_in_2015_black.png_run3,line_data.csv_line_Monthly_Oil_Price_History_in_2015_black.png,Find Correlations/Trends,"Over the course of the second half of 2015, the price of a barrel of oil was __. Options: rising, falling, staying, Omit. Choose only one option as the answer without explanation.","Over the course of the second half of 2015, the price of a barrel of oil was __.",gpt-4o,black,Monthly Oil Price History in 2015,C:\Users\kanam\OneDrive\Desktop\Visualization_Literacy\Visualization_Literacy\Avanith\Test\line_data.csv_line_Monthly_Oil_Price_History_in_2015_black.png,falling,falling,1.51
line_data.csv_line_Monthly_Oil_Price_History_in_2015_black.png_run4,line_data.csv_line_Monthly_Oil_Price_History_in_2015_black.png,Find Correlations/Trends,"Over the course of the second half of 2015, the price of a barrel of oil was __. Options: rising, falling, staying, Omit. Choose only one option as the answer without explanation.","Over the course of the second half of 2015, the price of a barrel of oil was __.",gpt-4o,black,Monthly Oil Price History in 2015,C:\Users\kanam\OneDrive\Desktop\Visualization_Literacy\Visualization_Literacy\Avanith\Test\line_data.csv_line_Monthly_Oil_Price_History_in_2015_black.png,falling,Falling,1.59
line_data.csv_line_Monthly_Oil_Price_History_in_2015_black.png_run5,line_data.csv_line_Monthly_Oil_Price_History_in_2015_black.png,Find Correlations/Trends,"Over the course of the second half of 2015, the price of a barrel of oil was __. Options: rising, falling, staying, Omit. Choose only one option as the answer without explanation.","Over the course of the second half of 2015, the price of a barrel of oil was __.",gpt-4o,black,Monthly Oil Price History in 2015,C:\Users\kanam\OneDrive\Desktop\Visualization_Literacy\Visualization_Literacy\Avanith\Test\line_data.csv_line_Monthly_Oil_Price_History_in_2015_black.png,falling,Falling,2.58
line_data.csv_line_Monthly_Oil_Price_History_in_2015_burlywood.png_run1,line_data.csv_line_Monthly_Oil_Price_History_in_2015_burlywood.png,Find Correlations/Trends,"Over the course of the second half of 2015, the price of a barrel of oil was __. Options: rising, falling, staying, Omit. Choose only one option as the answer without explanation.","Over the course of the second half of 2015, the price of a barrel of oil was __.",gpt-4o,burlywood,Monthly Oil Price History in 2015,C:\Users\kanam\OneDrive\Desktop\Visualization_Literacy\Visualization_Literacy\Avanith\Test\line_data.csv_line_Monthly_Oil_Price_History_in_2015_burlywood.png,falling,Falling,2.98
line_data.csv_line_Monthly_Oil_Price_History_in_2015_burlywood.png_run2,line_data.csv_line_Monthly_Oil_Price_History_in_2015_burlywood.png,Find Correlations/Trends,"Over the course of the second half of 2015, the price of a barrel of oil was __. Options: rising, falling, staying, Omit. Choose only one option as the answer without explanation.","Over the course of the second half of 2015, the price of a barrel of oil was __.",gpt-4o,burlywood,Monthly Oil Price History in 2015,C:\Users\kanam\OneDrive\Desktop\Visualization_Literacy\Visualization_Literacy\Avanith\Test\line_data.csv_line_Monthly_Oil_Price_History_in_2015_burlywood.png,falling,Falling,1.33
line_data.csv_line_Monthly_Oil_Price_History_in_2015_burlywood.png_run3,line_data.csv_line_Monthly_Oil_Price_History_in_2015_burlywood.png,Find Correlations/Trends,"Over the course of the second half of 2015, the price of a barrel of oil was __. Options: rising, falling, staying, Omit. Choose only one option as the answer without explanation.","Over the course of the second half of 2015, the price of a barrel of oil was __.",gpt-4o,burlywood,Monthly Oil Price History in 2015,C:\Users\kanam\OneDrive\Desktop\Visualization_Literacy\Visualization_Literacy\Avanith\Test\line_data.csv_line_Monthly_Oil_Price_History_in_2015_burlywood.png,falling,falling,1.57
line_data.csv_line_Monthly_Oil_Price_History_in_2015_burlywood.png_run4,line_data.csv_line_Monthly_Oil_Price_History_in_2015_burlywood.png,Find Correlations/Trends,"Over the course of the second half of 2015, the price of a barrel of oil was __. Options: rising, falling, staying, Omit. Choose only one option as the answer without explanation.","Over the course of the second half of 2015, the price of a barrel of oil was __.",gpt-4o,burlywood,Monthly Oil Price History in 2015,C:\Users\kanam\OneDrive\Desktop\Visualization_Literacy\Visualization_Literacy\Avanith\Test\line_data.csv_line_Monthly_Oil_Price_History_in_2015_burlywood.png,falling,falling,1.55
line_data.csv_line_Monthly_Oil_Price_History_in_2015_burlywood.png_run5,line_data.csv_line_Monthly_Oil_Price_History_in_2015_burlywood.png,Find Correlations/Trends,"Over the course of the second half of 2015, the price of a barrel of oil was __. Options: rising, falling, staying, Omit. Choose only one option as the answer without explanation.","Over the course of the second half of 2015, the price of a barrel of oil was __.",gpt-4o,burlywood,Monthly Oil Price History in 2015,C:\Users\kanam\OneDrive\Desktop\Visualization_Literacy\Visualization_Literacy\Avanith\Test\line_data.csv_line_Monthly_Oil_Price_History_in_2015_burlywood.png,falling,falling,1.51
line_data.csv_line_Monthly_Oil_Price_History_in_2015_chartreuse.png_run1,line_data.csv_line_Monthly_Oil_Price_History_in_2015_chartreuse.png,Find Correlations/Trends,"Over the course of the second half of 2015, the price of a barrel of oil was __. Options: rising, falling, staying, Omit. Choose only one option as the answer without explanation.","Over the course of the second half of 2015, the price of a barrel of oil was __.",gpt-4o,chartreuse,Monthly Oil Price History in 2015,C:\Users\kanam\OneDrive\Desktop\Visualization_Literacy\Visualization_Literacy\Avanith\Test\line_data.csv_line_Monthly_Oil_Price_History_in_2015_chartreuse.png,falling,Falling,3.08
