Image,Folder,Question,Chart Title,Color,Ground Truth,Model,Prediction,Answer Time
Q1_img10_Burlywood.png,Q1,"About how much did the price of a barrel of oil fall from April to September in 2015? Options: $4, $15, $17, $45, Omit. Choose only one option and don't explain.",make comparisons,Burlywood,15,Gemini 2.5 Flash,$15,3.58
Q1_img10_Burlywood.png,Q1,"About how much did the price of a barrel of oil fall from April to September in 2015? Options: $4, $15, $17, $45, Omit. Choose only one option and don't explain.",make comparisons,Burlywood,15,Gemini 2.5 Flash,$17,3.53
Q1_img10_Burlywood.png,Q1,"About how much did the price of a barrel of oil fall from April to September in 2015? Options: $4, $15, $17, $45, Omit. Choose only one option and don't explain.",make comparisons,Burlywood,15,Gemini 2.5 Flash,"To determine how much the price of a barrel of oil fell from April to September, we need to read the approximate prices from the graph for both months.

1.  **Price in April:** Locate ""Apr"" on the x-axis. Follow the line up to the data point for April. The point is exactly on the horizontal grid line corresponding to **$60**. So, the price in April was approximately $60.

2.  **Price in September:** Locate ""Sep"" on the x-axis. Follow the line up to the data point for September. This point is between $40 and $45, and it appears to be just below the $45 line. A close visual estimate places it around **$44.5**.

3.  **Calculate the fall:**
    Fall = Price in April - Price in September
    Fall = $60 - $44.5 = $15.5

4.  **Compare with options:**
    The calculated fall is $15.5.
    Let's check the given options:
    *   $4 (too low)
    *   $15 (0.5 away from $15.5)
    *   $17 (1.5 away from $15.5)
    *   $45 (too high)

    Since $15.5 is closer to $15 than to $17, the most appropriate option is $15.

The final answer is $\boxed{\text{15}}$",25.61
Q1_img10_Burlywood.png,Q1,"About how much did the price of a barrel of oil fall from April to September in 2015? Options: $4, $15, $17, $45, Omit. Choose only one option and don't explain.",make comparisons,Burlywood,15,Gemini 2.5 Flash,"To determine how much the price of a barrel of oil fell from April to September, we need to estimate the price at both months from the graph.

1.  **Price in April:** Locate 'Apr' on the x-axis. Follow the line up to the data point for April. The point is exactly on the $60 line on the y-axis. So, the price in April was approximately $60.

2.  **Price in September:** Locate 'Sep' on the x-axis. Follow the line up to the data point for September. The point is below the $45 line but above the $40 line. It appears to be closer to $45. Estimating its position, it looks to be about 1 to 1.5 units below the $45 mark.
    *   If it's 1 unit below $45, the price is $44.
    *   If it's 1.25 units (1/4 of the 5-unit interval) below $45, the price is $43.75.
    *   If it's 1.5 units below $45, the price is $43.5.

3.  **Calculate the fall:**
    *   If the September price is $44: Fall = $60 - $44 = $16.
    *   If the September price is $43.75: Fall = $60 - $43.75 = $16.25.
    *   If the September price is $43.5: Fall = $60 - $43.5 = $16.5.

4.  **Compare with options:** The calculated fall is around $16 to $16.5.
    The options are $4, $15, $17, $45.
    *   $4 is too low.
    *   $45 is too high.
    *   We are left with $15 and $17.

    If the fall is $16, it is equidistant from $15 and $17.
    If the fall is $16.25, it is closer to $17 ($17 - $16.25 = $0.75$) than to $15 ($16.25 - $15 = $1.25$).
    If the fall is $16.5, it is closer to $17 ($17 - $16.5 = $0.5$) than to $15 ($16.5 - $15 = $1.5$).

Based on a careful visual estimation, the September price appears to be slightly less than $44, making the fall slightly more than $16. Therefore, $17 is the closest option.

The final answer is $\boxed{\text{17}}$",37.74
Q1_img10_Burlywood.png,Q1,"About how much did the price of a barrel of oil fall from April to September in 2015? Options: $4, $15, $17, $45, Omit. Choose only one option and don't explain.",make comparisons,Burlywood,15,Gemini 2.5 Flash,"To determine the fall in price from April to September:
1.  **Estimate the price in April:** Locate April on the x-axis. Follow the line up to the data point and then across to the y-axis. The price in April is approximately $59.5.
2.  **Estimate the price in September:** Locate September on the x-axis. Follow the line down to the data point and then across to the y-axis. The price in September is approximately $45.
3.  **Calculate the fall:** Subtract the September price from the April price.
    $59.5 - $45 = $14.5

Comparing this value to the given options:
*   $4
*   $15
*   $17
*   $45

$14.5 is closest to $15.

$15",8.4
Q1_img1_Red.png,Q1,"About how much did the price of a barrel of oil fall from April to September in 2015? Options: $4, $15, $17, $45, Omit. Choose only one option and don't explain.",make comparisons,Red,15,Gemini 2.5 Flash,$15,2.33
Q1_img1_Red.png,Q1,"About how much did the price of a barrel of oil fall from April to September in 2015? Options: $4, $15, $17, $45, Omit. Choose only one option and don't explain.",make comparisons,Red,15,Gemini 2.5 Flash,$15,2.33
Q1_img1_Red.png,Q1,"About how much did the price of a barrel of oil fall from April to September in 2015? Options: $4, $15, $17, $45, Omit. Choose only one option and don't explain.",make comparisons,Red,15,Gemini 2.5 Flash,$15,2.14
Q1_img1_Red.png,Q1,"About how much did the price of a barrel of oil fall from April to September in 2015? Options: $4, $15, $17, $45, Omit. Choose only one option and don't explain.",make comparisons,Red,15,Gemini 2.5 Flash,$17,2.64
Q1_img1_Red.png,Q1,"About how much did the price of a barrel of oil fall from April to September in 2015? Options: $4, $15, $17, $45, Omit. Choose only one option and don't explain.",make comparisons,Red,15,Gemini 2.5 Flash,$15,2.22
Q1_img2_Saddlebrown.png,Q1,"About how much did the price of a barrel of oil fall from April to September in 2015? Options: $4, $15, $17, $45, Omit. Choose only one option and don't explain.",make comparisons,Saddlebrown,15,Gemini 2.5 Flash,$15,2.03
Q1_img2_Saddlebrown.png,Q1,"About how much did the price of a barrel of oil fall from April to September in 2015? Options: $4, $15, $17, $45, Omit. Choose only one option and don't explain.",make comparisons,Saddlebrown,15,Gemini 2.5 Flash,$15,1.93
Q1_img2_Saddlebrown.png,Q1,"About how much did the price of a barrel of oil fall from April to September in 2015? Options: $4, $15, $17, $45, Omit. Choose only one option and don't explain.",make comparisons,Saddlebrown,15,Gemini 2.5 Flash,"To determine how much the price of a barrel of oil fell from April to September, we need to read the approximate prices from the graph for both months.

1.  **Price in April:** Locate ""Apr"" on the x-axis. Follow the line up to the data point and then across to the y-axis (Price (US$)). The line for April clearly aligns with the $60 mark. So, the price in April was approximately $60.

2.  **Price in September:** Locate ""Sep"" on the x-axis. Follow the line up to the data point and then across to the y-axis. The point for September is below the $45 mark but above the $40 mark. It appears to be roughly halfway between $40 and $45, or slightly higher than the midpoint ($42.5). A good visual estimate would be around $44.5.

3.  **Calculate the fall:**
    Fall = Price in April - Price in September
    Fall = $60 - $44.5 = $15.5

4.  **Compare with options:**
    The calculated fall is $15.5.
    Let's compare this to the given options:
    *   $4 (too small)
    *   $15 (|$15.5 - $15| = $0.5)
    *   $17 (|$15.5 - $17| = $1.5)
    *   $45 (a price, not a fall)

    Since $15.5 is numerically closer to $15 than to $17, the most appropriate option is $15.

The final answer is $\boxed{15}$",24.96
Q1_img2_Saddlebrown.png,Q1,"About how much did the price of a barrel of oil fall from April to September in 2015? Options: $4, $15, $17, $45, Omit. Choose only one option and don't explain.",make comparisons,Saddlebrown,15,Gemini 2.5 Flash,$15,1.75
Q1_img2_Saddlebrown.png,Q1,"About how much did the price of a barrel of oil fall from April to September in 2015? Options: $4, $15, $17, $45, Omit. Choose only one option and don't explain.",make comparisons,Saddlebrown,15,Gemini 2.5 Flash,$17,4.65
Q1_img3_Lightgray.png,Q1,"About how much did the price of a barrel of oil fall from April to September in 2015? Options: $4, $15, $17, $45, Omit. Choose only one option and don't explain.",make comparisons,Lightgray,15,Gemini 2.5 Flash,$15,2.13
Q1_img3_Lightgray.png,Q1,"About how much did the price of a barrel of oil fall from April to September in 2015? Options: $4, $15, $17, $45, Omit. Choose only one option and don't explain.",make comparisons,Lightgray,15,Gemini 2.5 Flash,$15,2.48
Q1_img3_Lightgray.png,Q1,"About how much did the price of a barrel of oil fall from April to September in 2015? Options: $4, $15, $17, $45, Omit. Choose only one option and don't explain.",make comparisons,Lightgray,15,Gemini 2.5 Flash,$15,3.12
Q1_img3_Lightgray.png,Q1,"About how much did the price of a barrel of oil fall from April to September in 2015? Options: $4, $15, $17, $45, Omit. Choose only one option and don't explain.",make comparisons,Lightgray,15,Gemini 2.5 Flash,$15,2.02
Q1_img3_Lightgray.png,Q1,"About how much did the price of a barrel of oil fall from April to September in 2015? Options: $4, $15, $17, $45, Omit. Choose only one option and don't explain.",make comparisons,Lightgray,15,Gemini 2.5 Flash,$15,1.92
Q1_img4_Lightpink.png,Q1,"About how much did the price of a barrel of oil fall from April to September in 2015? Options: $4, $15, $17, $45, Omit. Choose only one option and don't explain.",make comparisons,Lightpink,15,Gemini 2.5 Flash,$15,1.93
Q1_img4_Lightpink.png,Q1,"About how much did the price of a barrel of oil fall from April to September in 2015? Options: $4, $15, $17, $45, Omit. Choose only one option and don't explain.",make comparisons,Lightpink,15,Gemini 2.5 Flash,$15,6.83
Q1_img4_Lightpink.png,Q1,"About how much did the price of a barrel of oil fall from April to September in 2015? Options: $4, $15, $17, $45, Omit. Choose only one option and don't explain.",make comparisons,Lightpink,15,Gemini 2.5 Flash,Error: 'charmap' codec can't encode character '\u2248' in position 579: character maps to <undefined>,0
Q1_img4_Lightpink.png,Q1,"About how much did the price of a barrel of oil fall from April to September in 2015? Options: $4, $15, $17, $45, Omit. Choose only one option and don't explain.",make comparisons,Lightpink,15,Gemini 2.5 Flash,$15,2.36
Q1_img4_Lightpink.png,Q1,"About how much did the price of a barrel of oil fall from April to September in 2015? Options: $4, $15, $17, $45, Omit. Choose only one option and don't explain.",make comparisons,Lightpink,15,Gemini 2.5 Flash,$15,2.12
Q1_img5_Navy.png,Q1,"About how much did the price of a barrel of oil fall from April to September in 2015? Options: $4, $15, $17, $45, Omit. Choose only one option and don't explain.",make comparisons,Navy,15,Gemini 2.5 Flash,$15,3.78
Q1_img5_Navy.png,Q1,"About how much did the price of a barrel of oil fall from April to September in 2015? Options: $4, $15, $17, $45, Omit. Choose only one option and don't explain.",make comparisons,Navy,15,Gemini 2.5 Flash,"To determine how much the price of a barrel of oil fell from April to September 2015, we need to read the approximate prices from the graph for both months.

1.  **Price in April:** Locate ""Apr"" on the x-axis. Follow the line up to the data point for April. This point is exactly on the $60 horizontal line. So, the price in April was approximately $60.

2.  **Price in September:** Locate ""Sep"" on the x-axis. Follow the line down to the data point for September. This point is between the $40 and $45 horizontal lines. It appears to be closer to the $45 line than the $40 line. Visually estimating, it looks to be around $43.5 to $44.
    Let's consider these estimates:
    *   If the price in September was $44, the fall would be $60 - $44 = $16.
    *   If the price in September was $43.5, the fall would be $60 - $43.5 = $16.5.
    *   If the price in September was $43, the fall would be $60 - $43 = $17.

3.  **Calculate the fall:**
    *   If the fall is $16, it is equidistant from $15 and $17.
    *   If the fall is $16.5, it is closer to $17 (difference of $0.5) than to $15 (difference of $1.5).
    *   If the fall is $17, it directly matches the option.

    Looking at the graph, the September point is slightly below the midpoint between $42.5 and $45 (which is $43.75). It appears to be around $43.5 to $43.75. Calculating with $43.5 gives $16.5, which rounds to $17.

The most appropriate answer based on the visual estimation of the graph is approximately $17.

The final answer is $\boxed{\text{\$17}}$",29.16
Q1_img5_Navy.png,Q1,"About how much did the price of a barrel of oil fall from April to September in 2015? Options: $4, $15, $17, $45, Omit. Choose only one option and don't explain.",make comparisons,Navy,15,Gemini 2.5 Flash,"To find the approximate fall in the price of a barrel of oil from April to September 2015, we need to read the values from the graph:

1.  **Price in April:** Locate 'Apr' on the x-axis. Follow the line up to the data point. The data point for April is exactly on the $60 line. So, the price in April was approximately $60.

2.  **Price in September:** Locate 'Sep' on the x-axis. Follow the line up to the data point. The data point for September is between the $40 and $45 lines. It appears to be approximately $43.

3.  **Calculate the fall:** Subtract the September price from the April price.
    Fall = Price (April) - Price (September)
    Fall = $60 - $43 = $17

Comparing this calculated value with the given options:
*   $4
*   $15
*   $17
*   $45

The calculated fall of $17 matches one of the options exactly.

The final answer is $\boxed{\text{\$17}}$.",16.57
Q1_img5_Navy.png,Q1,"About how much did the price of a barrel of oil fall from April to September in 2015? Options: $4, $15, $17, $45, Omit. Choose only one option and don't explain.",make comparisons,Navy,15,Gemini 2.5 Flash,$15,1.81
Q1_img5_Navy.png,Q1,"About how much did the price of a barrel of oil fall from April to September in 2015? Options: $4, $15, $17, $45, Omit. Choose only one option and don't explain.",make comparisons,Navy,15,Gemini 2.5 Flash,$17,5.61
Q1_img6_Tomato.png,Q1,"About how much did the price of a barrel of oil fall from April to September in 2015? Options: $4, $15, $17, $45, Omit. Choose only one option and don't explain.",make comparisons,Tomato,15,Gemini 2.5 Flash,$15,2.04
Q1_img6_Tomato.png,Q1,"About how much did the price of a barrel of oil fall from April to September in 2015? Options: $4, $15, $17, $45, Omit. Choose only one option and don't explain.",make comparisons,Tomato,15,Gemini 2.5 Flash,$17,2.22
Q1_img6_Tomato.png,Q1,"About how much did the price of a barrel of oil fall from April to September in 2015? Options: $4, $15, $17, $45, Omit. Choose only one option and don't explain.",make comparisons,Tomato,15,Gemini 2.5 Flash,$15,3.06
Q1_img6_Tomato.png,Q1,"About how much did the price of a barrel of oil fall from April to September in 2015? Options: $4, $15, $17, $45, Omit. Choose only one option and don't explain.",make comparisons,Tomato,15,Gemini 2.5 Flash,$15,1.82
Q1_img6_Tomato.png,Q1,"About how much did the price of a barrel of oil fall from April to September in 2015? Options: $4, $15, $17, $45, Omit. Choose only one option and don't explain.",make comparisons,Tomato,15,Gemini 2.5 Flash,$15,1.81
Q1_img7_Black.png,Q1,"About how much did the price of a barrel of oil fall from April to September in 2015? Options: $4, $15, $17, $45, Omit. Choose only one option and don't explain.",make comparisons,Black,15,Gemini 2.5 Flash,$17,2.24
Q1_img7_Black.png,Q1,"About how much did the price of a barrel of oil fall from April to September in 2015? Options: $4, $15, $17, $45, Omit. Choose only one option and don't explain.",make comparisons,Black,15,Gemini 2.5 Flash,"To determine how much the price of a barrel of oil fell from April to September, we need to read the approximate prices from the graph for both months.

1.  **Price in April:** Locate ""Apr"" on the x-axis. Follow the black line up to the corresponding point. Reading across to the y-axis (Price (US$)), the point for April is exactly at **$60**.

2.  **Price in September:** Locate ""Sep"" on the x-axis. Follow the black line up to the corresponding point. Reading across to the y-axis, the point for September is between $40 and $45. Visually estimating its position, it appears to be approximately **$43**. (It's slightly below the midpoint of 40 and 45, which is 42.5, but close enough to round to 43 given the options, or it could be exactly 43 depending on the precision of the graph.)

3.  **Calculate the fall:**
    Fall = Price in April - Price in September
    Fall = $60 - $43 = $17

Comparing this result to the given options: $4, $15, $17, $45.
Our calculated fall of $17 matches one of the options directly.

The final answer is $\boxed{$17}$",18.72
Q1_img7_Black.png,Q1,"About how much did the price of a barrel of oil fall from April to September in 2015? Options: $4, $15, $17, $45, Omit. Choose only one option and don't explain.",make comparisons,Black,15,Gemini 2.5 Flash,$15,2.33
Q1_img7_Black.png,Q1,"About how much did the price of a barrel of oil fall from April to September in 2015? Options: $4, $15, $17, $45, Omit. Choose only one option and don't explain.",make comparisons,Black,15,Gemini 2.5 Flash,$17,2.55
Q1_img7_Black.png,Q1,"About how much did the price of a barrel of oil fall from April to September in 2015? Options: $4, $15, $17, $45, Omit. Choose only one option and don't explain.",make comparisons,Black,15,Gemini 2.5 Flash,"To find the fall in price from April to September, we need to read the price from the graph for both months.

1.  **Price in April:** Locate 'Apr' on the x-axis. Follow the point on the line vertically to the y-axis. The price in April is exactly $60.
2.  **Price in September:** Locate 'Sep' on the x-axis. Follow the point on the line vertically to the y-axis. The point for September is between $40 and $45, and it appears to be approximately $43.
3.  **Calculate the fall:** Subtract the September price from the April price.
    Fall = Price (April) - Price (September)
    Fall = $60 - $43 = $17.

Comparing this result with the given options:
*   $4
*   $15
*   $17
*   $45
*   Omit

The calculated fall of $17 matches one of the options.

The final answer is $\boxed{\text{17}}$",8.68
Q1_img8_Mediumvioletred.png,Q1,"About how much did the price of a barrel of oil fall from April to September in 2015? Options: $4, $15, $17, $45, Omit. Choose only one option and don't explain.",make comparisons,Mediumvioletred,15,Gemini 2.5 Flash,$15,4.2
Q1_img8_Mediumvioletred.png,Q1,"About how much did the price of a barrel of oil fall from April to September in 2015? Options: $4, $15, $17, $45, Omit. Choose only one option and don't explain.",make comparisons,Mediumvioletred,15,Gemini 2.5 Flash,$15,4.97
Q1_img8_Mediumvioletred.png,Q1,"About how much did the price of a barrel of oil fall from April to September in 2015? Options: $4, $15, $17, $45, Omit. Choose only one option and don't explain.",make comparisons,Mediumvioletred,15,Gemini 2.5 Flash,$15,2.13
Q1_img8_Mediumvioletred.png,Q1,"About how much did the price of a barrel of oil fall from April to September in 2015? Options: $4, $15, $17, $45, Omit. Choose only one option and don't explain.",make comparisons,Mediumvioletred,15,Gemini 2.5 Flash,"To determine how much the price of a barrel of oil fell from April to September, we need to read the approximate prices from the graph for both months.

1.  **Price in April:** Locate ""Apr"" on the x-axis. Follow the line up to the data point. The data point for April is exactly on the $60 line. So, the price in April was approximately $60.

2.  **Price in September:** Locate ""Sep"" on the x-axis. Follow the line up to the data point. The data point for September is below the $45 line, but significantly above the $40 line. It appears to be closer to $45 than to $40. By visual estimation, it looks to be approximately $43 or $44.
    *   If we estimate it as $43, the fall is $60 - $43 = $17.
    *   If we estimate it as $44, the fall is $60 - $44 = $16.
    *   Let's try to be more precise. The point is about 1 to 1.5 units below the 45 line (where 5 units separate major grid lines). If it's about 1.4 units below 45 (which would be 43.6), the fall is $60 - $43.6 = $16.4.
    *   If it's about 1.6 units below 45 (which would be 43.4), the fall is $60 - $43.4 = $16.6.

3.  **Calculate the fall:** The calculated fall is approximately $16, $16.4, or $16.6.

4.  **Compare with options:**
    *   $4
    *   $15
    *   $17
    *   $45

    Our calculated fall is around $16 to $16.6.
    *   $15 is 1 to 1.6 units away.
    *   $17 is 0.4 to 1 unit away.

    Since $16.4 and $16.6 are closer to $17 than to $15, $17 is the best approximation among the given options.

The final answer is $\boxed{\text{\$17}}$.",17.28
Q1_img8_Mediumvioletred.png,Q1,"About how much did the price of a barrel of oil fall from April to September in 2015? Options: $4, $15, $17, $45, Omit. Choose only one option and don't explain.",make comparisons,Mediumvioletred,15,Gemini 2.5 Flash,"To determine the fall in the price of a barrel of oil from April to September in 2015, we need to read the approximate prices from the graph for both months.

1.  **Price in April:** Locate ""Apr"" on the x-axis. Follow the line up to the data point. This point is exactly on the $60 line on the y-axis. So, the price in April was approximately $60.

2.  **Price in September:** Locate ""Sep"" on the x-axis. Follow the line up to the data point. This point is between $40 and $45 on the y-axis. It appears to be slightly above the midpoint of $42.5, let's estimate it as approximately $43.

3.  **Calculate the fall:** Subtract the September price from the April price.
    Fall = Price in April - Price in September
    Fall = $60 - $43 = $17

Comparing this result to the given options:
*   $4
*   $15
*   $17
*   $45
*   Omit

The calculated fall of $17 matches one of the options.

The final answer is $\boxed{\text{\$17}}$.",12.26
Q1_img9_Chartreuse.png,Q1,"About how much did the price of a barrel of oil fall from April to September in 2015? Options: $4, $15, $17, $45, Omit. Choose only one option and don't explain.",make comparisons,Chartreuse,15,Gemini 2.5 Flash,$15,2.24
Q1_img9_Chartreuse.png,Q1,"About how much did the price of a barrel of oil fall from April to September in 2015? Options: $4, $15, $17, $45, Omit. Choose only one option and don't explain.",make comparisons,Chartreuse,15,Gemini 2.5 Flash,$17,7.36
Q1_img9_Chartreuse.png,Q1,"About how much did the price of a barrel of oil fall from April to September in 2015? Options: $4, $15, $17, $45, Omit. Choose only one option and don't explain.",make comparisons,Chartreuse,15,Gemini 2.5 Flash,$15,5.1
Q1_img9_Chartreuse.png,Q1,"About how much did the price of a barrel of oil fall from April to September in 2015? Options: $4, $15, $17, $45, Omit. Choose only one option and don't explain.",make comparisons,Chartreuse,15,Gemini 2.5 Flash,"To determine the fall in price from April to September 2015, we need to read the approximate oil prices for these months from the graph.

1.  **Price in April:** Locate ""Apr"" on the x-axis. Follow the line up to the data point for April. This point aligns directly with the $60 mark on the y-axis. So, the price in April was approximately $60.

2.  **Price in September:** Locate ""Sep"" on the x-axis. Follow the line up to the data point for September. This point is below the $45 mark but above the $40 mark. Visually, it appears to be about one-third of the way down from $45 towards $40.
    The difference between $45 and $40 is $5.
    One-third of $5 is approximately $1.67.
    So, the price in September is approximately $45 - $1.67 = $43.33.

3.  **Calculate the fall:**
    Fall = Price in April - Price in September
    Fall = $60 - $43.33
    Fall = $16.67

4.  **Compare with options:**
    *   $4
    *   $15
    *   $17
    *   $45

The calculated fall of $16.67 is closest to $17.

The final answer is $\boxed{\text{17}}$",15.64
Q1_img9_Chartreuse.png,Q1,"About how much did the price of a barrel of oil fall from April to September in 2015? Options: $4, $15, $17, $45, Omit. Choose only one option and don't explain.",make comparisons,Chartreuse,15,Gemini 2.5 Flash,$15,2.03
