Image,Folder,Question,Chart Title,Color,Ground Truth,Model,Prediction,Answer Time
Q1_img10_Burlywood.png,Q1,"About how much did the price of a barrel of oil fall from April to September in 2015? Options: $4, $15, $17, $45, Omit. Choose only one option and don't explain.",make comparisons,Burlywood,15,Gemini 2.5 Pro,$15,6.29
Q1_img10_Burlywood.png,Q1,"About how much did the price of a barrel of oil fall from April to September in 2015? Options: $4, $15, $17, $45, Omit. Choose only one option and don't explain.",make comparisons,Burlywood,15,Gemini 2.5 Pro,$15,12.48
Q1_img10_Burlywood.png,Q1,"About how much did the price of a barrel of oil fall from April to September in 2015? Options: $4, $15, $17, $45, Omit. Choose only one option and don't explain.",make comparisons,Burlywood,15,Gemini 2.5 Pro,$15,11.04
Q1_img10_Burlywood.png,Q1,"About how much did the price of a barrel of oil fall from April to September in 2015? Options: $4, $15, $17, $45, Omit. Choose only one option and don't explain.",make comparisons,Burlywood,15,Gemini 2.5 Pro,$15,13.48
Q1_img10_Burlywood.png,Q1,"About how much did the price of a barrel of oil fall from April to September in 2015? Options: $4, $15, $17, $45, Omit. Choose only one option and don't explain.",make comparisons,Burlywood,15,Gemini 2.5 Pro,$15,8.68
Q1_img1_Red.png,Q1,"About how much did the price of a barrel of oil fall from April to September in 2015? Options: $4, $15, $17, $45, Omit. Choose only one option and don't explain.",make comparisons,Red,15,Gemini 2.5 Pro,$15,18.11
Q1_img1_Red.png,Q1,"About how much did the price of a barrel of oil fall from April to September in 2015? Options: $4, $15, $17, $45, Omit. Choose only one option and don't explain.",make comparisons,Red,15,Gemini 2.5 Pro,$15,6.54
Q1_img1_Red.png,Q1,"About how much did the price of a barrel of oil fall from April to September in 2015? Options: $4, $15, $17, $45, Omit. Choose only one option and don't explain.",make comparisons,Red,15,Gemini 2.5 Pro,$15,9.6
Q1_img1_Red.png,Q1,"About how much did the price of a barrel of oil fall from April to September in 2015? Options: $4, $15, $17, $45, Omit. Choose only one option and don't explain.",make comparisons,Red,15,Gemini 2.5 Pro,$15,11.24
Q1_img1_Red.png,Q1,"About how much did the price of a barrel of oil fall from April to September in 2015? Options: $4, $15, $17, $45, Omit. Choose only one option and don't explain.",make comparisons,Red,15,Gemini 2.5 Pro,$15,20.36
Q1_img2_Saddlebrown.png,Q1,"About how much did the price of a barrel of oil fall from April to September in 2015? Options: $4, $15, $17, $45, Omit. Choose only one option and don't explain.",make comparisons,Saddlebrown,15,Gemini 2.5 Pro,$15,8.57
Q1_img2_Saddlebrown.png,Q1,"About how much did the price of a barrel of oil fall from April to September in 2015? Options: $4, $15, $17, $45, Omit. Choose only one option and don't explain.",make comparisons,Saddlebrown,15,Gemini 2.5 Pro,$15,11.86
Q1_img2_Saddlebrown.png,Q1,"About how much did the price of a barrel of oil fall from April to September in 2015? Options: $4, $15, $17, $45, Omit. Choose only one option and don't explain.",make comparisons,Saddlebrown,15,Gemini 2.5 Pro,$15,11.34
Q1_img2_Saddlebrown.png,Q1,"About how much did the price of a barrel of oil fall from April to September in 2015? Options: $4, $15, $17, $45, Omit. Choose only one option and don't explain.",make comparisons,Saddlebrown,15,Gemini 2.5 Pro,$15,25.38
Q1_img2_Saddlebrown.png,Q1,"About how much did the price of a barrel of oil fall from April to September in 2015? Options: $4, $15, $17, $45, Omit. Choose only one option and don't explain.",make comparisons,Saddlebrown,15,Gemini 2.5 Pro,$15,11.65
Q1_img3_Lightgray.png,Q1,"About how much did the price of a barrel of oil fall from April to September in 2015? Options: $4, $15, $17, $45, Omit. Choose only one option and don't explain.",make comparisons,Lightgray,15,Gemini 2.5 Pro,$15,14.1
Q1_img3_Lightgray.png,Q1,"About how much did the price of a barrel of oil fall from April to September in 2015? Options: $4, $15, $17, $45, Omit. Choose only one option and don't explain.",make comparisons,Lightgray,15,Gemini 2.5 Pro,$15,11.25
Q1_img3_Lightgray.png,Q1,"About how much did the price of a barrel of oil fall from April to September in 2015? Options: $4, $15, $17, $45, Omit. Choose only one option and don't explain.",make comparisons,Lightgray,15,Gemini 2.5 Pro,$15,9.3
Q1_img3_Lightgray.png,Q1,"About how much did the price of a barrel of oil fall from April to September in 2015? Options: $4, $15, $17, $45, Omit. Choose only one option and don't explain.",make comparisons,Lightgray,15,Gemini 2.5 Pro,$15,15.03
Q1_img3_Lightgray.png,Q1,"About how much did the price of a barrel of oil fall from April to September in 2015? Options: $4, $15, $17, $45, Omit. Choose only one option and don't explain.",make comparisons,Lightgray,15,Gemini 2.5 Pro,$15,25.57
Q1_img4_Lightpink.png,Q1,"About how much did the price of a barrel of oil fall from April to September in 2015? Options: $4, $15, $17, $45, Omit. Choose only one option and don't explain.",make comparisons,Lightpink,15,Gemini 2.5 Pro,$15,13.71
Q1_img4_Lightpink.png,Q1,"About how much did the price of a barrel of oil fall from April to September in 2015? Options: $4, $15, $17, $45, Omit. Choose only one option and don't explain.",make comparisons,Lightpink,15,Gemini 2.5 Pro,$15,16.77
Q1_img4_Lightpink.png,Q1,"About how much did the price of a barrel of oil fall from April to September in 2015? Options: $4, $15, $17, $45, Omit. Choose only one option and don't explain.",make comparisons,Lightpink,15,Gemini 2.5 Pro,$15,13.4
Q1_img4_Lightpink.png,Q1,"About how much did the price of a barrel of oil fall from April to September in 2015? Options: $4, $15, $17, $45, Omit. Choose only one option and don't explain.",make comparisons,Lightpink,15,Gemini 2.5 Pro,$15,25.17
Q1_img4_Lightpink.png,Q1,"About how much did the price of a barrel of oil fall from April to September in 2015? Options: $4, $15, $17, $45, Omit. Choose only one option and don't explain.",make comparisons,Lightpink,15,Gemini 2.5 Pro,$15,25.59
Q1_img5_Navy.png,Q1,"About how much did the price of a barrel of oil fall from April to September in 2015? Options: $4, $15, $17, $45, Omit. Choose only one option and don't explain.",make comparisons,Navy,15,Gemini 2.5 Pro,$15,29.57
Q1_img5_Navy.png,Q1,"About how much did the price of a barrel of oil fall from April to September in 2015? Options: $4, $15, $17, $45, Omit. Choose only one option and don't explain.",make comparisons,Navy,15,Gemini 2.5 Pro,$15,8.77
Q1_img5_Navy.png,Q1,"About how much did the price of a barrel of oil fall from April to September in 2015? Options: $4, $15, $17, $45, Omit. Choose only one option and don't explain.",make comparisons,Navy,15,Gemini 2.5 Pro,$15,18.1
Q1_img5_Navy.png,Q1,"About how much did the price of a barrel of oil fall from April to September in 2015? Options: $4, $15, $17, $45, Omit. Choose only one option and don't explain.",make comparisons,Navy,15,Gemini 2.5 Pro,$15,11.13
Q1_img5_Navy.png,Q1,"About how much did the price of a barrel of oil fall from April to September in 2015? Options: $4, $15, $17, $45, Omit. Choose only one option and don't explain.",make comparisons,Navy,15,Gemini 2.5 Pro,$15,15.25
Q1_img6_Tomato.png,Q1,"About how much did the price of a barrel of oil fall from April to September in 2015? Options: $4, $15, $17, $45, Omit. Choose only one option and don't explain.",make comparisons,Tomato,15,Gemini 2.5 Pro,$15,18.41
Q1_img6_Tomato.png,Q1,"About how much did the price of a barrel of oil fall from April to September in 2015? Options: $4, $15, $17, $45, Omit. Choose only one option and don't explain.",make comparisons,Tomato,15,Gemini 2.5 Pro,$15,9.91
Q1_img6_Tomato.png,Q1,"About how much did the price of a barrel of oil fall from April to September in 2015? Options: $4, $15, $17, $45, Omit. Choose only one option and don't explain.",make comparisons,Tomato,15,Gemini 2.5 Pro,$15,6.73
Q1_img6_Tomato.png,Q1,"About how much did the price of a barrel of oil fall from April to September in 2015? Options: $4, $15, $17, $45, Omit. Choose only one option and don't explain.",make comparisons,Tomato,15,Gemini 2.5 Pro,$15,22.04
Q1_img6_Tomato.png,Q1,"About how much did the price of a barrel of oil fall from April to September in 2015? Options: $4, $15, $17, $45, Omit. Choose only one option and don't explain.",make comparisons,Tomato,15,Gemini 2.5 Pro,$15,10.59
Q1_img7_Black.png,Q1,"About how much did the price of a barrel of oil fall from April to September in 2015? Options: $4, $15, $17, $45, Omit. Choose only one option and don't explain.",make comparisons,Black,15,Gemini 2.5 Pro,$15,9.4
Q1_img7_Black.png,Q1,"About how much did the price of a barrel of oil fall from April to September in 2015? Options: $4, $15, $17, $45, Omit. Choose only one option and don't explain.",make comparisons,Black,15,Gemini 2.5 Pro,$15,8.38
Q1_img7_Black.png,Q1,"About how much did the price of a barrel of oil fall from April to September in 2015? Options: $4, $15, $17, $45, Omit. Choose only one option and don't explain.",make comparisons,Black,15,Gemini 2.5 Pro,$15,10.42
Q1_img7_Black.png,Q1,"About how much did the price of a barrel of oil fall from April to September in 2015? Options: $4, $15, $17, $45, Omit. Choose only one option and don't explain.",make comparisons,Black,15,Gemini 2.5 Pro,$15,12.08
Q1_img7_Black.png,Q1,"About how much did the price of a barrel of oil fall from April to September in 2015? Options: $4, $15, $17, $45, Omit. Choose only one option and don't explain.",make comparisons,Black,15,Gemini 2.5 Pro,$15,25.12
Q1_img8_Mediumvioletred.png,Q1,"About how much did the price of a barrel of oil fall from April to September in 2015? Options: $4, $15, $17, $45, Omit. Choose only one option and don't explain.",make comparisons,Mediumvioletred,15,Gemini 2.5 Pro,$15,19.03
Q1_img8_Mediumvioletred.png,Q1,"About how much did the price of a barrel of oil fall from April to September in 2015? Options: $4, $15, $17, $45, Omit. Choose only one option and don't explain.",make comparisons,Mediumvioletred,15,Gemini 2.5 Pro,$15,10.11
Q1_img8_Mediumvioletred.png,Q1,"About how much did the price of a barrel of oil fall from April to September in 2015? Options: $4, $15, $17, $45, Omit. Choose only one option and don't explain.",make comparisons,Mediumvioletred,15,Gemini 2.5 Pro,$15,27.84
Q1_img8_Mediumvioletred.png,Q1,"About how much did the price of a barrel of oil fall from April to September in 2015? Options: $4, $15, $17, $45, Omit. Choose only one option and don't explain.",make comparisons,Mediumvioletred,15,Gemini 2.5 Pro,$15,6.72
Q1_img8_Mediumvioletred.png,Q1,"About how much did the price of a barrel of oil fall from April to September in 2015? Options: $4, $15, $17, $45, Omit. Choose only one option and don't explain.",make comparisons,Mediumvioletred,15,Gemini 2.5 Pro,$15,15.85
Q1_img9_Chartreuse.png,Q1,"About how much did the price of a barrel of oil fall from April to September in 2015? Options: $4, $15, $17, $45, Omit. Choose only one option and don't explain.",make comparisons,Chartreuse,15,Gemini 2.5 Pro,$15,12.78
Q1_img9_Chartreuse.png,Q1,"About how much did the price of a barrel of oil fall from April to September in 2015? Options: $4, $15, $17, $45, Omit. Choose only one option and don't explain.",make comparisons,Chartreuse,15,Gemini 2.5 Pro,$15,8.08
Q1_img9_Chartreuse.png,Q1,"About how much did the price of a barrel of oil fall from April to September in 2015? Options: $4, $15, $17, $45, Omit. Choose only one option and don't explain.",make comparisons,Chartreuse,15,Gemini 2.5 Pro,$15,5.1
Q1_img9_Chartreuse.png,Q1,"About how much did the price of a barrel of oil fall from April to September in 2015? Options: $4, $15, $17, $45, Omit. Choose only one option and don't explain.",make comparisons,Chartreuse,15,Gemini 2.5 Pro,$15,9.29
Q1_img9_Chartreuse.png,Q1,"About how much did the price of a barrel of oil fall from April to September in 2015? Options: $4, $15, $17, $45, Omit. Choose only one option and don't explain.",make comparisons,Chartreuse,15,Gemini 2.5 Pro,$15,11.76
